paper,regression number,original table number,regression command,variance-covariance estimator,interactions included
AbelerFalkGoetteHuffman_2011,1.0,1,reg,default,0
AbelerFalkGoetteHuffman_2011,2.0,1,reg,default,0
AbelerFalkGoetteHuffman_2011,3.0,1,reg,default,0
AbelerFalkGoetteHuffman_2011,4.0,1,reg,default,0
AbelerFalkGoetteHuffman_2011,5.0,1,reg,default,0
AbelerFalkGoetteHuffman_2011,6.0,1,reg,default,0
AbelerFalkGoetteHuffman_2011,7.0,1,tobit,default,0
AbelerFalkGoetteHuffman_2011,8.0,1,tobit,default,0
AbelerFalkGoetteHuffman_2011,9.0,1,tobit,default,0
AbelerFalkGoetteHuffman_2011,10.0,2,mlogit,default,0
AbelerFalkGoetteHuffman_2011,11.0,2,mlogit,default,0
AbelerFalkGoetteHuffman_2011,12.0,2,mlogit,default,0
AbelerFalkGoetteHuffman_2011,13.0,3,mlogit,default,0
AbelerFalkGoetteHuffman_2011,14.0,3,mlogit,default,0
AbelerFalkGoetteHuffman_2011,15.0,3,mlogit,default,0
AbelerFalkGoetteHuffman_2011,16.0,4,reg,default,0
AbelerFalkGoetteHuffman_2011,17.0,4,reg,default,0
AbelerFalkGoetteHuffman_2011,18.0,4,reg,default,0
AbelerFalkGoetteHuffman_2011,19.0,4,reg,default,0
AbelerFalkGoetteHuffman_2011,20.0,4,reg,default,0
AbelerFalkGoetteHuffman_2011,21.0,4,reg,default,0
AbelerFalkGoetteHuffman_2011,22.0,4,tobit,default,0
AbelerFalkGoetteHuffman_2011,23.0,4,tobit,default,0
AbelerFalkGoetteHuffman_2011,24.0,4,tobit,default,0
AkerKsollLybbert_2012,1.0,3,reg,cluster,0
AkerKsollLybbert_2012,2.0,3,reg,cluster,0
AkerKsollLybbert_2012,3.0,3,areg,cluster,0
AkerKsollLybbert_2012,4.0,3,areg,cluster,0
AkerKsollLybbert_2012,5.0,3,reg,cluster,0
AkerKsollLybbert_2012,6.0,3,reg,cluster,0
AkerKsollLybbert_2012,7.0,3,areg,cluster,0
AkerKsollLybbert_2012,8.0,3,areg,cluster,0
AkerKsollLybbert_2012,9.0,4,reg,cluster,1
AkerKsollLybbert_2012,10.0,4,areg,cluster,1
AkerKsollLybbert_2012,11.0,4,areg,cluster,1
AkerKsollLybbert_2012,12.0,4,reg,cluster,1
AkerKsollLybbert_2012,13.0,4,areg,cluster,1
AkerKsollLybbert_2012,14.0,4,areg,cluster,1
AkerKsollLybbert_2012,15.0,5,areg,cluster,1
AkerKsollLybbert_2012,16.0,5,areg,cluster,1
AkerKsollLybbert_2012,17.0,6,areg,cluster,0
AkerKsollLybbert_2012,18.0,6,areg,cluster,0
AkerKsollLybbert_2012,19.0,6,areg,cluster,0
AkerKsollLybbert_2012,20.0,6,areg,cluster,0
AkerKsollLybbert_2012,21.0,6,areg,cluster,0
AkerKsollLybbert_2012,22.0,7,areg,cluster,1
AkerKsollLybbert_2012,23.0,8,areg,robust,0
AkerKsollLybbert_2012,24.0,8,areg,robust,0
AkerKsollLybbert_2012,25.0,8,areg,robust,0
AkerKsollLybbert_2012,26.0,9,areg,cluster,0
AkerKsollLybbert_2012,27.0,9,areg,cluster,0
AkerKsollLybbert_2012,28.0,9,areg,cluster,0
AkerKsollLybbert_2012,29.0,9,areg,cluster,0
AkerKsollLybbert_2012,30.0,9,areg,cluster,0
AkerKsollLybbert_2012,31.0,9,areg,cluster,0
AkerKsollLybbert_2012,32.0,9,areg,cluster,0
AkerKsollLybbert_2012,33.0,9,areg,cluster,0
AkerKsollLybbert_2012,34.0,9,areg,cluster,0
AkerKsollLybbert_2012,35.0,9,areg,cluster,0
AkerKsollLybbert_2012,36.0,9,areg,cluster,0
AkerKsollLybbert_2012,37.0,9,areg,cluster,0
AkerKsollLybbert_2012,38.0,9,areg,cluster,0
AkerKsollLybbert_2012,39.0,9,areg,cluster,0
AkerKsollLybbert_2012,40.0,9,areg,cluster,0
AlatasBanerjeeHannaOlkenTobias_2012,1.0,3,areg,cluster,0
AlatasBanerjeeHannaOlkenTobias_2012,2.0,3,areg,cluster,0
AlatasBanerjeeHannaOlkenTobias_2012,3.0,3,areg,cluster,0
AlatasBanerjeeHannaOlkenTobias_2012,4.0,3,areg,cluster,0
AlatasBanerjeeHannaOlkenTobias_2012,5.0,3,areg,cluster,0
AlatasBanerjeeHannaOlkenTobias_2012,6.0,3,areg,cluster,0
AlatasBanerjeeHannaOlkenTobias_2012,7.0,3,areg,cluster,0
AlatasBanerjeeHannaOlkenTobias_2012,8.0,3,areg,cluster,0
AlatasBanerjeeHannaOlkenTobias_2012,9.0,4,areg,cluster,1
AlatasBanerjeeHannaOlkenTobias_2012,10.0,4,areg,cluster,1
AlatasBanerjeeHannaOlkenTobias_2012,11.0,4,areg,cluster,1
AlatasBanerjeeHannaOlkenTobias_2012,12.0,4,areg,cluster,1
AlatasBanerjeeHannaOlkenTobias_2012,13.0,4,areg,cluster,1
AlatasBanerjeeHannaOlkenTobias_2012,14.0,4,areg,cluster,1
AlatasBanerjeeHannaOlkenTobias_2012,15.0,4,areg,cluster,1
AlatasBanerjeeHannaOlkenTobias_2012,16.0,4,areg,cluster,1
AlatasBanerjeeHannaOlkenTobias_2012,17.0,6,areg,default,0
AlatasBanerjeeHannaOlkenTobias_2012,18.0,6,areg,default,0
AlatasBanerjeeHannaOlkenTobias_2012,19.0,6,areg,cluster,0
AlatasBanerjeeHannaOlkenTobias_2012,20.0,6,areg,cluster,0
AlatasBanerjeeHannaOlkenTobias_2012,21.0,6,areg,cluster,0
AlatasBanerjeeHannaOlkenTobias_2012,22.0,6,areg,default,0
AlatasBanerjeeHannaOlkenTobias_2012,23.0,6,areg,default,0
AlatasBanerjeeHannaOlkenTobias_2012,24.0,6,areg,robust,0
AlatasBanerjeeHannaOlkenTobias_2012,25.0,6,areg,robust,0
AlatasBanerjeeHannaOlkenTobias_2012,26.0,6,areg,default,0
AlatasBanerjeeHannaOlkenTobias_2012,27.0,6,areg,default,0
AlatasBanerjeeHannaOlkenTobias_2012,28.0,6,areg,default,0
AlatasBanerjeeHannaOlkenTobias_2012,29.0,6,areg,robust,0
AlatasBanerjeeHannaOlkenTobias_2012,30.0,6,areg,robust,0
AlatasBanerjeeHannaOlkenTobias_2012,31.0,7,areg,robust,0
AlatasBanerjeeHannaOlkenTobias_2012,32.0,7,areg,cluster,0
AlatasBanerjeeHannaOlkenTobias_2012,33.0,7,areg,cluster,1
AlatasBanerjeeHannaOlkenTobias_2012,34.0,7,areg,cluster,1
AlatasBanerjeeHannaOlkenTobias_2012,35.0,7,areg,cluster,1
AlatasBanerjeeHannaOlkenTobias_2012,36.0,7,areg,cluster,1
AlatasBanerjeeHannaOlkenTobias_2012,37.0,8,areg,cluster,0
AlatasBanerjeeHannaOlkenTobias_2012,38.0,8,areg,cluster,0
AlatasBanerjeeHannaOlkenTobias_2012,39.0,8,areg,cluster,0
AlatasBanerjeeHannaOlkenTobias_2012,40.0,8,areg,cluster,0
AlatasBanerjeeHannaOlkenTobias_2012,41.0,9,areg,default,0
AlatasBanerjeeHannaOlkenTobias_2012,42.0,9,areg,default,0
AlatasBanerjeeHannaOlkenTobias_2012,43.0,9,areg,default,0
AlatasBanerjeeHannaOlkenTobias_2012,44.0,9,areg,default,0
AlatasBanerjeeHannaOlkenTobias_2012,45.0,10,areg,robust,0
AlatasBanerjeeHannaOlkenTobias_2012,46.0,10,areg,robust,0
AlatasBanerjeeHannaOlkenTobias_2012,47.0,10,areg,robust,0
AlatasBanerjeeHannaOlkenTobias_2012,48.0,10,areg,cluster,0
AlatasBanerjeeHannaOlkenTobias_2012,49.0,10,areg,default,0
AlatasBanerjeeHannaOlkenTobias_2012,50.0,10,areg,default,0
AlatasBanerjeeHannaOlkenTobias_2012,51.0,10,areg,default,0
AlatasBanerjeeHannaOlkenTobias_2012,52.0,10,areg,default,0
AngristLangOreopoulos_2009,1.0,3,reg,robust,0
AngristLangOreopoulos_2009,2.0,3,reg,robust,0
AngristLangOreopoulos_2009,3.0,3,reg,robust,0
AngristLangOreopoulos_2009,4.0,3,reg,robust,0
AngristLangOreopoulos_2009,5.0,3,reg,robust,0
AngristLangOreopoulos_2009,6.0,3,reg,robust,0
AngristLangOreopoulos_2009,7.0,3,reg,robust,0
AngristLangOreopoulos_2009,8.0,3,reg,robust,0
AngristLangOreopoulos_2009,9.0,3,reg,robust,0
AngristLangOreopoulos_2009,10.0,3,reg,robust,0
AngristLangOreopoulos_2009,11.0,3,reg,robust,0
AngristLangOreopoulos_2009,12.0,3,reg,robust,0
AngristLangOreopoulos_2009,13.0,3,reg,robust,0
AngristLangOreopoulos_2009,14.0,3,reg,robust,0
AngristLangOreopoulos_2009,15.0,3,reg,robust,0
AngristLangOreopoulos_2009,16.0,3,reg,robust,0
AngristLangOreopoulos_2009,17.0,3,reg,robust,0
AngristLangOreopoulos_2009,18.0,3,reg,robust,0
AngristLangOreopoulos_2009,19.0,3,reg,robust,0
AngristLangOreopoulos_2009,20.0,3,reg,robust,0
AngristLangOreopoulos_2009,21.0,3,reg,robust,0
AngristLangOreopoulos_2009,22.0,3,reg,robust,0
AngristLangOreopoulos_2009,23.0,3,reg,robust,0
AngristLangOreopoulos_2009,24.0,3,reg,robust,0
AngristLangOreopoulos_2009,25.0,5,reg,robust,0
AngristLangOreopoulos_2009,26.0,5,reg,robust,0
AngristLangOreopoulos_2009,27.0,5,reg,robust,0
AngristLangOreopoulos_2009,28.0,5,reg,robust,0
AngristLangOreopoulos_2009,29.0,5,reg,robust,0
AngristLangOreopoulos_2009,30.0,5,reg,robust,0
AngristLangOreopoulos_2009,31.0,5,reg,robust,0
AngristLangOreopoulos_2009,32.0,5,reg,robust,0
AngristLangOreopoulos_2009,33.0,5,reg,robust,0
AngristLangOreopoulos_2009,34.0,5,reg,robust,0
AngristLangOreopoulos_2009,35.0,5,reg,robust,0
AngristLangOreopoulos_2009,36.0,5,reg,robust,0
AngristLangOreopoulos_2009,37.0,6,reg,robust,0
AngristLangOreopoulos_2009,38.0,6,reg,robust,0
AngristLangOreopoulos_2009,39.0,6,reg,robust,0
AngristLangOreopoulos_2009,40.0,6,reg,robust,0
AngristLangOreopoulos_2009,41.0,6,reg,robust,0
AngristLangOreopoulos_2009,42.0,6,reg,robust,0
AngristLangOreopoulos_2009,43.0,6,reg,robust,0
AngristLangOreopoulos_2009,44.0,6,reg,robust,0
AngristLangOreopoulos_2009,45.0,6,reg,robust,0
AngristLangOreopoulos_2009,46.0,6,reg,robust,0
AngristLangOreopoulos_2009,47.0,6,reg,robust,0
AngristLangOreopoulos_2009,48.0,6,reg,robust,0
AngristLangOreopoulos_2009,49.0,6,reg,robust,0
AngristLangOreopoulos_2009,50.0,6,reg,robust,0
AngristLangOreopoulos_2009,51.0,6,reg,robust,0
AngristLangOreopoulos_2009,52.0,6,reg,robust,0
AngristLangOreopoulos_2009,53.0,6,reg,robust,0
AngristLangOreopoulos_2009,54.0,6,reg,robust,0
AngristLangOreopoulos_2009,55.0,6,reg,robust,0
AngristLangOreopoulos_2009,56.0,6,reg,robust,0
AngristLangOreopoulos_2009,57.0,6,reg,robust,0
AngristLangOreopoulos_2009,58.0,6,reg,robust,0
AngristLangOreopoulos_2009,59.0,6,reg,robust,0
AngristLangOreopoulos_2009,60.0,6,reg,robust,0
AngristLangOreopoulos_2009,61.0,7,reg,cluster,0
AngristLangOreopoulos_2009,62.0,7,qreg,bootstrap,0
AngristLangOreopoulos_2009,63.0,7,qreg,bootstrap,0
AngristLangOreopoulos_2009,64.0,7,qreg,bootstrap,0
AngristLangOreopoulos_2009,65.0,7,qreg,bootstrap,0
AngristLangOreopoulos_2009,66.0,7,qreg,bootstrap,0
AngristLangOreopoulos_2009,67.0,7,reg,cluster,0
AngristLangOreopoulos_2009,68.0,7,qreg,bootstrap,0
AngristLangOreopoulos_2009,69.0,7,qreg,bootstrap,0
AngristLangOreopoulos_2009,70.0,7,qreg,bootstrap,0
AngristLangOreopoulos_2009,71.0,7,qreg,bootstrap,0
AngristLangOreopoulos_2009,72.0,7,qreg,bootstrap,0
AngristLangOreopoulos_2009,73.0,7,reg,cluster,0
AngristLangOreopoulos_2009,74.0,7,reg,cluster,0
AngristLangOreopoulos_2009,75.0,7,qreg,bootstrap,0
AngristLangOreopoulos_2009,76.0,7,qreg,bootstrap,0
AngristLangOreopoulos_2009,77.0,7,qreg,bootstrap,0
AngristLangOreopoulos_2009,78.0,7,qreg,bootstrap,0
AngristLangOreopoulos_2009,79.0,7,qreg,bootstrap,0
AngristLangOreopoulos_2009,80.0,7,qreg,bootstrap,0
AngristLangOreopoulos_2009,81.0,7,qreg,bootstrap,0
AngristLangOreopoulos_2009,82.0,7,qreg,bootstrap,0
AngristLangOreopoulos_2009,83.0,7,qreg,bootstrap,0
AngristLangOreopoulos_2009,84.0,7,qreg,bootstrap,0
AngristLangOreopoulos_2009,85.0,8,ivreg,cluster,0
AngristLangOreopoulos_2009,86.0,8,ivreg,cluster,0
AngristLavy_2009,1.0,2,reg,brl,0
AngristLavy_2009,2.0,2,logit,brl,0
AngristLavy_2009,3.0,2,reg,brl,0
AngristLavy_2009,4.0,2,logit,brl,0
AngristLavy_2009,5.0,2,reg,brl,0
AngristLavy_2009,6.0,2,logit,brl,0
AngristLavy_2009,7.0,2,reg,brl,0
AngristLavy_2009,8.0,2,logit,brl,0
AngristLavy_2009,9.0,2,reg,brl,0
AngristLavy_2009,10.0,2,logit,brl,0
AngristLavy_2009,11.0,2,reg,brl,0
AngristLavy_2009,12.0,2,logit,brl,0
AngristLavy_2009,13.0,2,reg,brl,0
AngristLavy_2009,14.0,2,logit,brl,0
AngristLavy_2009,15.0,2,reg,brl,0
AngristLavy_2009,16.0,2,logit,brl,0
AngristLavy_2009,17.0,4,logit,brl,0
AngristLavy_2009,18.0,4,logit,brl,0
AngristLavy_2009,19.0,4,logit,brl,0
AngristLavy_2009,20.0,4,logit,brl,0
AngristLavy_2009,21.0,4,logit,brl,0
AngristLavy_2009,22.0,4,logit,brl,0
AngristLavy_2009,23.0,4,logit,brl,0
AngristLavy_2009,24.0,4,logit,brl,0
AngristLavy_2009,25.0,4,logit,brl,0
AngristLavy_2009,26.0,4,logit,brl,0
AngristLavy_2009,27.0,4,logit,brl,0
AngristLavy_2009,28.0,4,logit,brl,0
AngristLavy_2009,29.0,4,logit,brl,0
AngristLavy_2009,30.0,4,logit,brl,0
AngristLavy_2009,31.0,4,logit,brl,0
AngristLavy_2009,32.0,4,logit,brl,0
AngristLavy_2009,33.0,5,logit,robust,0
AngristLavy_2009,34.0,5,logit,robust,0
AngristLavy_2009,35.0,5,logit,robust,0
AngristLavy_2009,36.0,5,logit,robust,0
AngristLavy_2009,37.0,5,logit,robust,0
AngristLavy_2009,38.0,5,logit,robust,0
AngristLavy_2009,39.0,5,logit,robust,0
AngristLavy_2009,40.0,5,logit,robust,0
AngristLavy_2009,41.0,5,logit,robust,0
AngristLavy_2009,42.0,5,logit,robust,0
AngristLavy_2009,43.0,5,logit,robust,0
AngristLavy_2009,44.0,5,logit,robust,0
AngristLavy_2009,45.0,5,logit,robust,0
AngristLavy_2009,46.0,5,logit,robust,0
AngristLavy_2009,47.0,5,logit,robust,0
AngristLavy_2009,48.0,5,logit,robust,0
AngristLavy_2009,49.0,5,logit,robust,0
AngristLavy_2009,50.0,5,logit,robust,0
AngristLavy_2009,51.0,5,logit,robust,0
AngristLavy_2009,52.0,5,logit,robust,0
AngristLavy_2009,53.0,5,logit,robust,0
AngristLavy_2009,54.0,5,logit,robust,0
AngristLavy_2009,55.0,5,logit,robust,0
AngristLavy_2009,56.0,5,logit,robust,0
AngristLavy_2009,57.0,5,logit,robust,0
AngristLavy_2009,58.0,5,logit,robust,0
AngristLavy_2009,59.0,5,logit,robust,0
AngristLavy_2009,60.0,5,logit,robust,0
AngristLavy_2009,61.0,5,logit,robust,0
AngristLavy_2009,62.0,5,logit,robust,0
AngristLavy_2009,63.0,5,logit,robust,0
AngristLavy_2009,64.0,5,logit,robust,0
AngristLavy_2009,65.0,5,logit,robust,0
AngristLavy_2009,66.0,5,logit,robust,0
AngristLavy_2009,67.0,5,logit,robust,0
AngristLavy_2009,68.0,5,logit,robust,0
AngristLavy_2009,69.0,5,logit,robust,0
AngristLavy_2009,70.0,5,logit,robust,0
AngristLavy_2009,71.0,5,logit,robust,0
AngristLavy_2009,72.0,5,logit,robust,0
AngristLavy_2009,73.0,5,logit,robust,0
AngristLavy_2009,74.0,5,logit,robust,0
AngristLavy_2009,75.0,5,logit,robust,0
AngristLavy_2009,76.0,5,logit,robust,0
AngristLavy_2009,77.0,5,logit,robust,0
AngristLavy_2009,78.0,5,logit,robust,0
AngristLavy_2009,79.0,5,logit,robust,0
AngristLavy_2009,80.0,5,logit,robust,0
AngristLavy_2009,81.0,6,logit,brl,0
AngristLavy_2009,82.0,6,logit,brl,0
AngristLavy_2009,83.0,6,logit,brl,0
AngristLavy_2009,84.0,6,logit,brl,0
AngristLavy_2009,85.0,6,logit,brl,0
AngristLavy_2009,86.0,6,logit,brl,0
AngristLavy_2009,87.0,6,logit,brl,0
AngristLavy_2009,88.0,6,logit,brl,0
AngristLavy_2009,89.0,6,logit,brl,0
AngristLavy_2009,90.0,6,logit,brl,0
AngristLavy_2009,91.0,6,logit,brl,0
AngristLavy_2009,92.0,6,logit,brl,0
AngristLavy_2009,93.0,6,logit,brl,0
AngristLavy_2009,94.0,6,logit,brl,0
AngristLavy_2009,95.0,6,logit,brl,0
AngristLavy_2009,96.0,6,logit,brl,0
AngristLavy_2009,97.0,6,logit,robust,0
AngristLavy_2009,98.0,6,logit,robust,0
AngristLavy_2009,99.0,6,logit,robust,0
AngristLavy_2009,100.0,6,logit,robust,0
AngristLavy_2009,101.0,6,logit,robust,0
AngristLavy_2009,102.0,6,logit,robust,0
AngristLavy_2009,103.0,6,logit,robust,0
AngristLavy_2009,104.0,6,logit,robust,0
AngristLavy_2009,105.0,6,logit,robust,0
AngristLavy_2009,106.0,6,logit,robust,0
AngristLavy_2009,107.0,6,logit,robust,0
AngristLavy_2009,108.0,6,logit,robust,0
AngristLavy_2009,109.0,6,logit,robust,0
AngristLavy_2009,110.0,6,logit,robust,0
AngristLavy_2009,111.0,6,logit,robust,0
AngristLavy_2009,112.0,6,logit,robust,0
AngristLavy_2009,113.0,7,logit,robust,0
AngristLavy_2009,114.0,7,logit,robust,0
AngristLavy_2009,115.0,7,logit,robust,0
AngristLavy_2009,116.0,7,logit,robust,0
AngristLavy_2009,117.0,7,logit,robust,0
AngristLavy_2009,118.0,7,logit,robust,0
AngristLavy_2009,119.0,7,logit,robust,0
AngristLavy_2009,120.0,7,logit,robust,0
AngristLavy_2009,121.0,7,logit,robust,0
AngristLavy_2009,122.0,7,logit,robust,0
AngristLavy_2009,123.0,7,logit,robust,0
AngristLavy_2009,124.0,7,logit,robust,0
AngristLavy_2009,125.0,7,logit,robust,0
AngristLavy_2009,126.0,7,logit,robust,0
AngristLavy_2009,127.0,7,logit,robust,0
AngristLavy_2009,128.0,7,logit,robust,0
AngristLavy_2009,129.0,7,logit,robust,0
AngristLavy_2009,130.0,7,logit,robust,0
AngristLavy_2009,131.0,7,logit,robust,0
AngristLavy_2009,132.0,7,logit,robust,0
AngristLavy_2009,133.0,7,logit,robust,0
AngristLavy_2009,134.0,7,logit,robust,0
AngristLavy_2009,135.0,7,logit,robust,0
AngristLavy_2009,136.0,7,logit,robust,0
AngristLavy_2009,137.0,7,logit,robust,0
AngristLavy_2009,138.0,7,logit,robust,0
AngristLavy_2009,139.0,7,logit,robust,0
AngristLavy_2009,140.0,7,logit,robust,0
AngristLavy_2009,141.0,7,logit,robust,0
AngristLavy_2009,142.0,7,logit,robust,0
AngristLavy_2009,143.0,7,logit,brl,0
AngristLavy_2009,144.0,7,logit,brl,0
AngristLavy_2009,145.0,7,logit,brl,0
AngristLavy_2009,146.0,7,logit,brl,0
AngristLavy_2009,147.0,7,logit,brl,0
AngristLavy_2009,148.0,7,logit,brl,0
AngristLavy_2009,149.0,7,logit,brl,0
AngristLavy_2009,150.0,7,logit,brl,0
AngristLavy_2009,151.0,7,logit,brl,0
AngristLavy_2009,152.0,7,logit,brl,0
AngristLavy_2009,153.0,7,logit,brl,0
AngristLavy_2009,154.0,7,logit,brl,0
AngristLavy_2009,155.0,7,logit,brl,0
AngristLavy_2009,156.0,7,logit,brl,0
AngristLavy_2009,157.0,7,logit,brl,0
AngristLavy_2009,158.0,7,logit,brl,0
AngristLavy_2009,159.0,7,logit,brl,0
AngristLavy_2009,160.0,7,logit,brl,0
AngristLavy_2009,161.0,7,logit,brl,0
AngristLavy_2009,162.0,7,logit,brl,0
AngristLavy_2009,163.0,7,logit,brl,0
AngristLavy_2009,164.0,7,logit,brl,0
AngristLavy_2009,165.0,7,logit,brl,0
AngristLavy_2009,166.0,7,logit,brl,0
AngristLavy_2009,167.0,7,logit,brl,0
AngristLavy_2009,168.0,7,logit,brl,0
AngristLavy_2009,169.0,7,logit,brl,0
AngristLavy_2009,170.0,7,logit,brl,0
AngristLavy_2009,171.0,7,logit,brl,0
AngristLavy_2009,172.0,7,logit,brl,0
AngristLavy_2009,173.0,105,logit,brl,0
AngristLavy_2009,174.0,105,logit,brl,0
AngristLavy_2009,175.0,105,logit,brl,0
AngristLavy_2009,176.0,105,logit,brl,0
AngristLavy_2009,177.0,105,logit,brl,0
AngristLavy_2009,178.0,105,logit,brl,0
AngristLavy_2009,179.0,105,logit,brl,0
AngristLavy_2009,180.0,105,logit,brl,0
AshrafBerryShapiro_2010,1.0,2,reg,default,0
AshrafBerryShapiro_2010,2.0,2,reg,default,0
AshrafBerryShapiro_2010,3.0,2,reg,default,0
AshrafBerryShapiro_2010,4.0,3,regress,default,0
AshrafBerryShapiro_2010,5.0,3,regress,default,0
AshrafBerryShapiro_2010,6.0,3,regress,default,0
AshrafBerryShapiro_2010,7.0,3,regress,default,0
AshrafBerryShapiro_2010,8.0,4,regress,default,0
AshrafBerryShapiro_2010,9.0,4,reg,default,1
AshrafBerryShapiro_2010,10.0,4,regress,default,0
AshrafBerryShapiro_2010,11.0,4,reg,default,1
AshrafBerryShapiro_2010,12.0,4,regress,default,0
AshrafBerryShapiro_2010,13.0,4,reg,default,1
AshrafBerryShapiro_2010,14.0,4,regress,default,0
AshrafBerryShapiro_2010,15.0,4,reg,default,1
AshrafBerryShapiro_2010,16.0,5,regress,default,0
AshrafBerryShapiro_2010,17.0,5,regress,default,0
AshrafBerryShapiro_2010,18.0,5,regress,default,0
AshrafBerryShapiro_2010,19.0,5,regress,default,0
AshrafBerryShapiro_2010,20.0,5,regress,default,0
AshrafBerryShapiro_2010,21.0,103,probit,default,0
AshrafBerryShapiro_2010,22.0,103,probit,default,0
AshrafBerryShapiro_2010,23.0,103,probit,default,0
AshrafBerryShapiro_2010,24.0,103,probit,default,0
AshrafBerryShapiro_2010,25.0,103,probit,default,0
AshrafBerryShapiro_2010,26.0,103,reg,default,0
AshrafBerryShapiro_2010,27.0,103,regress,default,0
AshrafBerryShapiro_2010,28.0,103,reg,default,0
AshrafBerryShapiro_2010,29.0,103,regress,default,0
AshrafBerryShapiro_2010,30.0,103,reg,default,0
AshrafBerryShapiro_2010,31.0,103,ate,default,0
AshrafBerryShapiro_2010,32.0,103,ate,default,0
AshrafBerryShapiro_2010,33.0,103,ate,default,0
AshrafBerryShapiro_2010,34.0,103,ate,default,0
AshrafBerryShapiro_2010,35.0,103,reg,default,0
AshrafBerryShapiro_2010,36.0,103,reg,default,0
AshrafBerryShapiro_2010,37.0,103,reg,default,0
AshrafBerryShapiro_2010,38.0,103,reg,default,0
AshrafBerryShapiro_2010,39.0,103,reg,default,0
AshrafBerryShapiro_2010,40.0,103,oprobit,default,0
AshrafBerryShapiro_2010,41.0,103,oprobit,default,0
AshrafBerryShapiro_2010,42.0,103,oprobit,default,0
AshrafBerryShapiro_2010,43.0,103,oprobit,default,0
Ashraf_2009,1.0,3,reg,bootstrap,0
Ashraf_2009,2.0,3,reg,bootstrap,0
Ashraf_2009,3.0,4,reg,bootstrap,1
Ashraf_2009,4.0,4,reg,bootstrap,1
Ashraf_2009,5.0,3,reg,bootstrap,0
Ashraf_2009,6.0,3,reg,bootstrap,0
Ashraf_2009,7.0,4,reg,bootstrap,1
Ashraf_2009,8.0,4,reg,bootstrap,1
Ashraf_2009,9.0,3,reg,bootstrap,0
Ashraf_2009,10.0,3,reg,bootstrap,0
Ashraf_2009,11.0,4,reg,bootstrap,1
Ashraf_2009,12.0,4,reg,bootstrap,1
Ashraf_2009,13.0,3,reg,bootstrap,0
Ashraf_2009,14.0,3,reg,bootstrap,0
Ashraf_2009,15.0,4,reg,bootstrap,1
Ashraf_2009,16.0,4,reg,bootstrap,1
Ashraf_2009,17.0,3,reg,bootstrap,0
Ashraf_2009,18.0,3,reg,bootstrap,0
Ashraf_2009,19.0,4,reg,bootstrap,1
Ashraf_2009,20.0,4,reg,bootstrap,1
Ashraf_2009,21.0,3,reg,bootstrap,0
Ashraf_2009,22.0,3,reg,bootstrap,0
Ashraf_2009,23.0,4,reg,bootstrap,1
Ashraf_2009,24.0,4,reg,bootstrap,1
Ashraf_2009,25.0,103,reg,bootstrap,0
Ashraf_2009,26.0,103,reg,bootstrap,1
Ashraf_2009,27.0,103,reg,bootstrap,0
Ashraf_2009,28.0,103,reg,bootstrap,1
Ashraf_2009,29.0,103,reg,bootstrap,0
Ashraf_2009,30.0,103,reg,bootstrap,1
Ashraf_2009,31.0,103,reg,bootstrap,0
Ashraf_2009,32.0,103,reg,bootstrap,1
Ashraf_2009,33.0,103,reg,bootstrap,0
Ashraf_2009,34.0,103,reg,bootstrap,1
Ashraf_2009,35.0,103,reg,bootstrap,0
Ashraf_2009,36.0,103,reg,bootstrap,1
Ashraf_2009,37.0,104,reg,bootstrap,0
Ashraf_2009,38.0,104,reg,bootstrap,1
Ashraf_2009,39.0,104,reg,bootstrap,0
Ashraf_2009,40.0,104,reg,bootstrap,1
Ashraf_2009,41.0,104,reg,bootstrap,0
Ashraf_2009,42.0,104,reg,bootstrap,1
Ashraf_2009,43.0,104,reg,bootstrap,0
Ashraf_2009,44.0,104,reg,bootstrap,1
Ashraf_2009,45.0,104,reg,bootstrap,0
Ashraf_2009,46.0,104,reg,bootstrap,1
Ashraf_2009,47.0,104,reg,bootstrap,0
Ashraf_2009,48.0,104,reg,bootstrap,1
BarreraOsorioBertrandLindenPerezCalle_2011,1.0,3,reg,cluster,0
BarreraOsorioBertrandLindenPerezCalle_2011,2.0,3,reg,cluster,0
BarreraOsorioBertrandLindenPerezCalle_2011,3.0,3,areg,cluster,0
BarreraOsorioBertrandLindenPerezCalle_2011,4.0,3,reg,cluster,0
BarreraOsorioBertrandLindenPerezCalle_2011,5.0,3,reg,cluster,0
BarreraOsorioBertrandLindenPerezCalle_2011,6.0,3,areg,cluster,0
BarreraOsorioBertrandLindenPerezCalle_2011,7.0,3,areg,cluster,0
BarreraOsorioBertrandLindenPerezCalle_2011,8.0,4,reg,cluster,0
BarreraOsorioBertrandLindenPerezCalle_2011,9.0,4,reg,cluster,0
BarreraOsorioBertrandLindenPerezCalle_2011,10.0,4,areg,cluster,0
BarreraOsorioBertrandLindenPerezCalle_2011,11.0,4,reg,cluster,0
BarreraOsorioBertrandLindenPerezCalle_2011,12.0,4,reg,cluster,0
BarreraOsorioBertrandLindenPerezCalle_2011,13.0,4,areg,cluster,0
BarreraOsorioBertrandLindenPerezCalle_2011,14.0,4,areg,cluster,0
BarreraOsorioBertrandLindenPerezCalle_2011,15.0,5,areg,cluster,1
BarreraOsorioBertrandLindenPerezCalle_2011,16.0,5,areg,cluster,1
BarreraOsorioBertrandLindenPerezCalle_2011,17.0,5,areg,cluster,1
BarreraOsorioBertrandLindenPerezCalle_2011,18.0,5,areg,cluster,1
BarreraOsorioBertrandLindenPerezCalle_2011,19.0,5,areg,cluster,1
BarreraOsorioBertrandLindenPerezCalle_2011,20.0,5,areg,cluster,1
BarreraOsorioBertrandLindenPerezCalle_2011,21.0,6,areg,cluster,0
BarreraOsorioBertrandLindenPerezCalle_2011,22.0,6,areg,cluster,0
BarreraOsorioBertrandLindenPerezCalle_2011,23.0,6,areg,cluster,0
BarreraOsorioBertrandLindenPerezCalle_2011,24.0,6,areg,cluster,0
BarreraOsorioBertrandLindenPerezCalle_2011,25.0,6,areg,cluster,0
BarreraOsorioBertrandLindenPerezCalle_2011,26.0,6,areg,cluster,0
BarreraOsorioBertrandLindenPerezCalle_2011,27.0,7,areg,cluster,0
BarreraOsorioBertrandLindenPerezCalle_2011,28.0,7,areg,cluster,0
BarreraOsorioBertrandLindenPerezCalle_2011,29.0,7,areg,cluster,0
BarreraOsorioBertrandLindenPerezCalle_2011,30.0,7,areg,cluster,0
BarreraOsorioBertrandLindenPerezCalle_2011,31.0,7,areg,cluster,0
BarreraOsorioBertrandLindenPerezCalle_2011,32.0,7,areg,cluster,0
BarreraOsorioBertrandLindenPerezCalle_2011,33.0,8,areg,cluster,0
BarreraOsorioBertrandLindenPerezCalle_2011,34.0,8,areg,cluster,0
BarreraOsorioBertrandLindenPerezCalle_2011,35.0,8,areg,cluster,0
BarreraOsorioBertrandLindenPerezCalle_2011,36.0,8,areg,cluster,0
BarreraOsorioBertrandLindenPerezCalle_2011,37.0,8,areg,cluster,0
BarreraOsorioBertrandLindenPerezCalle_2011,38.0,8,areg,cluster,0
BarreraOsorioBertrandLindenPerezCalle_2011,39.0,8,areg,cluster,0
BarreraOsorioBertrandLindenPerezCalle_2011,40.0,8,areg,cluster,0
BarreraOsorioBertrandLindenPerezCalle_2011,41.0,8,areg,cluster,0
BarreraOsorioBertrandLindenPerezCalle_2011,42.0,8,areg,cluster,0
BarreraOsorioBertrandLindenPerezCalle_2011,43.0,8,areg,cluster,0
BarreraOsorioBertrandLindenPerezCalle_2011,44.0,8,areg,cluster,0
BarreraOsorioBertrandLindenPerezCalle_2011,45.0,8,areg,cluster,0
BarreraOsorioBertrandLindenPerezCalle_2011,46.0,8,areg,cluster,0
BarreraOsorioBertrandLindenPerezCalle_2011,47.0,8,areg,cluster,0
BarreraOsorioBertrandLindenPerezCalle_2011,48.0,8,areg,cluster,0
BarreraOsorioBertrandLindenPerezCalle_2011,49.0,8,areg,cluster,0
BarreraOsorioBertrandLindenPerezCalle_2011,50.0,8,areg,cluster,0
BarreraOsorioBertrandLindenPerezCalle_2011,51.0,8,areg,cluster,0
BarreraOsorioBertrandLindenPerezCalle_2011,52.0,8,areg,cluster,0
BarreraOsorioBertrandLindenPerezCalle_2011,53.0,9,areg,cluster,0
BarreraOsorioBertrandLindenPerezCalle_2011,54.0,9,areg,cluster,0
BarreraOsorioBertrandLindenPerezCalle_2011,55.0,9,areg,cluster,0
BarreraOsorioBertrandLindenPerezCalle_2011,56.0,9,areg,cluster,0
BarreraOsorioBertrandLindenPerezCalle_2011,57.0,9,areg,cluster,0
BarreraOsorioBertrandLindenPerezCalle_2011,58.0,9,areg,cluster,0
BarreraOsorioBertrandLindenPerezCalle_2011,59.0,10,areg,cluster,0
BarreraOsorioBertrandLindenPerezCalle_2011,60.0,10,areg,cluster,0
BarreraOsorioBertrandLindenPerezCalle_2011,61.0,10,areg,cluster,0
BarreraOsorioBertrandLindenPerezCalle_2011,62.0,10,areg,cluster,0
BeamanMagruder_2012,1.0,2,reg,default,0
BeamanMagruder_2012,2.0,2,reg,default,1
BeamanMagruder_2012,3.0,2,reg,default,1
BeamanMagruder_2012,4.0,3,probit,default,0
BeamanMagruder_2012,5.0,3,probit,default,1
BeamanMagruder_2012,6.0,3,heckman,default,0
BeamanMagruder_2012,7.0,3,heckman,default,1
BeamanMagruder_2012,8.0,3,heckman,default,0
BeamanMagruder_2012,9.0,3,heckman,default,1
BeamanMagruder_2012,10.0,3,heckman,default,1
BeamanMagruder_2012,11.0,4,probit,default,0
BeamanMagruder_2012,12.0,4,probit,default,1
BeamanMagruder_2012,13.0,4,heckman,default,0
BeamanMagruder_2012,14.0,4,heckman,default,1
BeamanMagruder_2012,15.0,4,heckman,default,0
BeamanMagruder_2012,16.0,4,heckman,default,1
BeamanMagruder_2012,17.0,5,heckman,default,0
BeamanMagruder_2012,18.0,5,heckman,default,0
BeamanMagruder_2012,19.0,5,heckman,default,1
BeamanMagruder_2012,20.0,5,reg,default,0
BeamanMagruder_2012,21.0,5,reg,default,0
BeamanMagruder_2012,22.0,5,reg,default,1
BurdeLinden_2013,1.0,4,reg,cluster,0
BurdeLinden_2013,2.0,4,reg,cluster,0
BurdeLinden_2013,3.0,4,reg,cluster,0
BurdeLinden_2013,4.0,4,reg,cluster,0
BurdeLinden_2013,5.0,4,reg,cluster,0
BurdeLinden_2013,6.0,4,reg,cluster,0
BurdeLinden_2013,7.0,4,reg,cluster,0
BurdeLinden_2013,8.0,4,reg,cluster,0
BurdeLinden_2013,9.0,4,reg,cluster,0
BurdeLinden_2013,10.0,4,reg,cluster,0
BurdeLinden_2013,11.0,4,reg,cluster,0
BurdeLinden_2013,12.0,4,reg,cluster,0
BurdeLinden_2013,13.0,5,reg,cluster,1
BurdeLinden_2013,14.0,5,reg,cluster,1
BurdeLinden_2013,15.0,5,reg,cluster,1
BurdeLinden_2013,16.0,5,reg,cluster,1
CaiChenFang_2009,1.0,3,reg,cluster,1
CaiChenFang_2009,2.0,3,areg,cluster,1
CaiChenFang_2009,3.0,3,probit,cluster,1
CaiChenFang_2009,4.0,3,probit,cluster,1
CaiChenFang_2009,5.0,5,reg,cluster,1
CaiChenFang_2009,6.0,5,areg,cluster,1
CaiChenFang_2009,7.0,5,probit,cluster,1
CaiChenFang_2009,8.0,5,probit,cluster,1
CaiChenFang_2009,9.0,4,reg,cluster,1
CaiChenFang_2009,10.0,4,areg,cluster,1
CaiChenFang_2009,11.0,4,probit,cluster,1
CaiChenFang_2009,12.0,4,probit,cluster,1
CaiChenFang_2009,13.0,6,reg,cluster,1
CaiChenFang_2009,14.0,6,areg,cluster,1
CaiChenFang_2009,15.0,6,probit,cluster,1
CaiChenFang_2009,16.0,6,probit,cluster,1
CallenIsaqzadehLongSprenger_2014,1.0,4,intreg,cluster,0
CallenIsaqzadehLongSprenger_2014,2.0,4,intreg,cluster,0
CallenIsaqzadehLongSprenger_2014,3.0,4,intreg,cluster,0
CallenIsaqzadehLongSprenger_2014,4.0,4,intreg,cluster,0
CallenIsaqzadehLongSprenger_2014,5.0,4,intreg,cluster,0
CallenIsaqzadehLongSprenger_2014,6.0,4,intreg,cluster,0
CallenIsaqzadehLongSprenger_2014,7.0,4,intreg,cluster,1
CallenIsaqzadehLongSprenger_2014,8.0,4,intreg,cluster,1
CallenIsaqzadehLongSprenger_2014,9.0,4,intreg,cluster,1
CallenIsaqzadehLongSprenger_2014,10.0,4,intreg,cluster,1
CallenIsaqzadehLongSprenger_2014,11.0,4,intreg,cluster,1
CallenIsaqzadehLongSprenger_2014,12.0,4,intreg,cluster,1
CallenIsaqzadehLongSprenger_2014,13.0,5,intreg,default,0
CallenIsaqzadehLongSprenger_2014,14.0,5,intreg,default,0
CallenIsaqzadehLongSprenger_2014,15.0,5,intreg,default,0
CallenIsaqzadehLongSprenger_2014,16.0,5,intreg,default,0
CallenIsaqzadehLongSprenger_2014,17.0,5,intreg,default,0
CallenIsaqzadehLongSprenger_2014,18.0,5,intreg,default,0
CallenIsaqzadehLongSprenger_2014,19.0,5,intreg,default,1
CallenIsaqzadehLongSprenger_2014,20.0,5,intreg,default,1
CallenIsaqzadehLongSprenger_2014,21.0,5,intreg,default,1
CallenIsaqzadehLongSprenger_2014,22.0,5,intreg,default,1
CallenIsaqzadehLongSprenger_2014,23.0,5,intreg,default,1
CallenIsaqzadehLongSprenger_2014,24.0,5,intreg,default,1
CallenIsaqzadehLongSprenger_2014,25.0,7,intreg,cluster,1
CallenIsaqzadehLongSprenger_2014,26.0,7,intreg,cluster,1
CallenIsaqzadehLongSprenger_2014,27.0,7,intreg,cluster,1
CallenIsaqzadehLongSprenger_2014,28.0,7,intreg,cluster,1
CallenIsaqzadehLongSprenger_2014,29.0,7,intreg,cluster,1
CallenIsaqzadehLongSprenger_2014,30.0,7,intreg,cluster,1
CallenIsaqzadehLongSprenger_2014,31.0,7,intreg,cluster,1
CallenIsaqzadehLongSprenger_2014,32.0,7,intreg,cluster,1
CameraCasari_2014,1.0,7,probit,cluster,0
CameraCasari_2014,2.0,7,probit,cluster,0
CarpenterMatthewsSchirm_2010,1.0,2,reg,robust,0
CarpenterMatthewsSchirm_2010,2.0,2,reg,robust,0
CarpenterMatthewsSchirm_2010,3.0,2,reg,robust,0
CarpenterMatthewsSchirm_2010,4.0,2,reg,robust,0
CarpenterMatthewsSchirm_2010,5.0,2,xtregmle,default,0
CarpenterMatthewsSchirm_2010,6.0,3,xtregmle,default,1
CarpenterMatthewsSchirm_2010,7.0,3,xtmixed,default,1
CarpenterMatthewsSchirm_2010,8.0,3,xtregmle,default,1
CarpenterMatthewsSchirm_2010,9.0,3,xtmixed,default,1
ChenChen_2011,1.0,2,xtreg,cluster,0
ChenChen_2011,2.0,2,xtreg,cluster,0
ChenLi_2009,1.0,7,reg,cluster,0
ChenLi_2009,2.0,7,ologit,cluster,0
ColeGineTobacmanTopalovaTownsendVickery_2013,1.0,5,reg,robust,0
ColeGineTobacmanTopalovaTownsendVickery_2013,2.0,5,reg,robust,0
ColeGineTobacmanTopalovaTownsendVickery_2013,3.0,5,reg,robust,0
ColeGineTobacmanTopalovaTownsendVickery_2013,4.0,5,reg,robust,1
ColeGineTobacmanTopalovaTownsendVickery_2013,5.0,5,reg,robust,1
ColeGineTobacmanTopalovaTownsendVickery_2013,6.0,5,reg,robust,1
ColeGineTobacmanTopalovaTownsendVickery_2013,7.0,6,reg,cluster,0
ColeGineTobacmanTopalovaTownsendVickery_2013,8.0,6,areg,cluster,0
ColeGineTobacmanTopalovaTownsendVickery_2013,9.0,6,reg,cluster,1
ColeGineTobacmanTopalovaTownsendVickery_2013,10.0,6,areg,cluster,1
ColeGineTobacmanTopalovaTownsendVickery_2013,11.0,7,reg,cluster,0
ColeGineTobacmanTopalovaTownsendVickery_2013,12.0,7,areg,cluster,0
ColeGineTobacmanTopalovaTownsendVickery_2013,13.0,7,reg,cluster,0
ColeGineTobacmanTopalovaTownsendVickery_2013,14.0,7,areg,cluster,0
ColeGineTobacmanTopalovaTownsendVickery_2013,15.0,7,reg,cluster,0
ColeGineTobacmanTopalovaTownsendVickery_2013,16.0,7,areg,cluster,0
ColeGineTobacmanTopalovaTownsendVickery_2013,17.0,7,reg,cluster,0
ColeGineTobacmanTopalovaTownsendVickery_2013,18.0,7,areg,cluster,0
DeMelMcKenzieWoodruff_2009,1.0,2,areg,cluster,1
DeMelMcKenzieWoodruff_2009,2.0,2,areg,cluster,1
DeMelMcKenzieWoodruff_2009,3.0,2,areg,cluster,1
DeMelMcKenzieWoodruff_2009,4.0,2,areg,cluster,1
DeMelMcKenzieWoodruff_2009,5.0,3,areg,cluster,1
DeMelMcKenzieWoodruff_2009,6.0,3,areg,cluster,1
DeMelMcKenzieWoodruff_2009,7.0,3,areg,cluster,1
DeMelMcKenzieWoodruff_2009,8.0,3,areg,cluster,1
DeMelMcKenzieWoodruff_2009,9.0,3,areg,cluster,1
DeMelMcKenzieWoodruff_2009,10.0,5,areg,cluster,1
DeMelMcKenzieWoodruff_2009,11.0,5,areg,cluster,1
DeMelMcKenzieWoodruff_2009,12.0,5,areg,cluster,1
DeMelMcKenzieWoodruff_2009,13.0,5,areg,cluster,1
DeMelMcKenzieWoodruff_2009,14.0,5,areg,cluster,1
DeMelMcKenzieWoodruff_2009,15.0,5,areg,cluster,1
DeMelMcKenzieWoodruff_2009,16.0,5,areg,cluster,1
DeMelMcKenzieWoodruff_2009,17.0,5,areg,cluster,1
DeMelMcKenzieWoodruff_2009,18.0,6,areg,cluster,1
DeMelMcKenzieWoodruff_2009,19.0,6,areg,cluster,1
DeMelMcKenzieWoodruff_2009,20.0,6,areg,cluster,1
DeMelMcKenzieWoodruff_2009,21.0,6,areg,cluster,1
DeMelMcKenzieWoodruff_2009,22.0,6,areg,cluster,1
DeMelMcKenzieWoodruff_2009,23.0,6,areg,cluster,1
DeMelMcKenzieWoodruff_2009,24.0,6,areg,cluster,1
DeMelMcKenzieWoodruff_2009,25.0,6,areg,cluster,1
DeMelMcKenzieWoodruff_2009,26.0,6,areg,cluster,1
DeMelMcKenzieWoodruff_2009,27.0,6,areg,cluster,1
DeMelMcKenzieWoodruff_2009,28.0,6,areg,cluster,1
DeMelMcKenzieWoodruff_2009,29.0,6,areg,cluster,1
DeMelMcKenzieWoodruff_2009,30.0,6,areg,cluster,1
DeMelMcKenzieWoodruff_2009,31.0,6,areg,cluster,1
DeMelMcKenzieWoodruff_2009,32.0,6,areg,cluster,1
DeMelMcKenzieWoodruff_2009,33.0,6,areg,cluster,1
DeMelMcKenzieWoodruff_2009,34.0,6,areg,cluster,1
DeMelMcKenzieWoodruff_2009,35.0,6,areg,cluster,1
DeMelMcKenzieWoodruff_2009,36.0,6,areg,cluster,1
DeMelMcKenzieWoodruff_2009,37.0,7,areg,cluster,1
DeMelMcKenzieWoodruff_2009,38.0,7,areg,cluster,1
DeMelMcKenzieWoodruff_2009,39.0,7,areg,cluster,1
DeMelMcKenzieWoodruff_2009,40.0,7,areg,cluster,1
DeMelMcKenzieWoodruff_2009,41.0,8,areg,cluster,1
DeMelMcKenzieWoodruff_2009,42.0,8,areg,cluster,1
DeMelMcKenzieWoodruff_2009,43.0,8,areg,cluster,1
DeMelMcKenzieWoodruff_2009,44.0,8,areg,cluster,1
DeMelMcKenzieWoodruff_2009,45.0,8,areg,cluster,1
DeMelMcKenzieWoodruff_2009,46.0,8,areg,cluster,1
DeMelMcKenzieWoodruff_2009,47.0,8,areg,cluster,1
DeMelMcKenzieWoodruff_2009,48.0,9,areg,cluster,1
DeMelMcKenzieWoodruff_2009,49.0,9,areg,cluster,1
DeMelMcKenzieWoodruff_2009,50.0,9,areg,cluster,1
DeMelMcKenzieWoodruff_2009,51.0,9,areg,cluster,1
DeMelMcKenzieWoodruff_2013,1.0,2,reg,robust,0
DeMelMcKenzieWoodruff_2013,2.0,2,areg,robust,0
DeMelMcKenzieWoodruff_2013,3.0,3,probit,robust,0
DeMelMcKenzieWoodruff_2013,4.0,3,probit,robust,0
DeMelMcKenzieWoodruff_2013,5.0,3,probit,robust,0
DeMelMcKenzieWoodruff_2013,6.0,3,probit,robust,0
DeMelMcKenzieWoodruff_2013,7.0,3,probit,robust,0
DufloHannaRyan_2012,1.0,2,regress,cluster,0
DufloHannaRyan_2012,2.0,2,regress,cluster,0
DufloHannaRyan_2012,3.0,2,regress,cluster,0
DufloHannaRyan_2012,4.0,2,regress,cluster,0
DufloHannaRyan_2012,5.0,2,regress,cluster,0
DufloHannaRyan_2012,6.0,2,regress,cluster,0
DufloHannaRyan_2012,7.0,2,regress,cluster,0
DufloHannaRyan_2012,8.0,2,regress,cluster,0
DufloHannaRyan_2012,9.0,2,regress,cluster,0
DufloHannaRyan_2012,10.0,2,regress,cluster,0
DufloHannaRyan_2012,11.0,2,regress,cluster,0
DufloHannaRyan_2012,12.0,2,regress,cluster,0
DufloHannaRyan_2012,13.0,6,regress,cluster,0
DufloHannaRyan_2012,14.0,6,regress,cluster,0
DufloHannaRyan_2012,15.0,6,regress,cluster,0
DufloHannaRyan_2012,16.0,6,regress,cluster,0
DufloHannaRyan_2012,17.0,6,regress,cluster,0
DufloHannaRyan_2012,18.0,6,regress,cluster,0
DufloHannaRyan_2012,19.0,6,regress,cluster,0
DufloHannaRyan_2012,20.0,6,regress,cluster,0
DufloHannaRyan_2012,21.0,6,regress,cluster,0
DufloHannaRyan_2012,22.0,6,regress,cluster,0
DufloHannaRyan_2012,23.0,6,regress,cluster,0
DufloHannaRyan_2012,24.0,6,regress,cluster,0
DufloHannaRyan_2012,25.0,7,reg,cluster,0
DufloHannaRyan_2012,26.0,7,reg,cluster,1
DufloHannaRyan_2012,27.0,7,reg,cluster,0
DufloHannaRyan_2012,28.0,7,reg,cluster,1
DufloHannaRyan_2012,29.0,7,reg,cluster,0
DufloHannaRyan_2012,30.0,7,reg,cluster,1
DufloHannaRyan_2012,31.0,7,reg,cluster,0
DufloHannaRyan_2012,32.0,7,reg,cluster,1
DufloHannaRyan_2012,33.0,7,reg,cluster,0
DufloHannaRyan_2012,34.0,7,reg,cluster,1
DufloHannaRyan_2012,35.0,7,reg,cluster,0
DufloHannaRyan_2012,36.0,7,reg,cluster,1
DufloHannaRyan_2012,37.0,10,reg,cluster,0
DufloHannaRyan_2012,38.0,10,reg,cluster,0
DufloHannaRyan_2012,39.0,10,reg,cluster,0
DufloHannaRyan_2012,40.0,8,regress,cluster,0
DufloHannaRyan_2012,41.0,8,regress,cluster,0
DufloHannaRyan_2012,42.0,8,regress,cluster,0
DufloHannaRyan_2012,43.0,8,regress,cluster,0
DufloHannaRyan_2012,44.0,8,regress,cluster,0
DufloHannaRyan_2012,45.0,8,regress,cluster,0
DufloHannaRyan_2012,46.0,8,regress,cluster,0
DufloHannaRyan_2012,47.0,8,regress,cluster,0
DufloHannaRyan_2012,48.0,9,regress,cluster,0
DufloHannaRyan_2012,49.0,9,regress,cluster,0
DufloHannaRyan_2012,50.0,9,regress,cluster,0
DufloHannaRyan_2012,51.0,9,regress,cluster,0
DufloHannaRyan_2012,52.0,9,regress,cluster,0
DufloHannaRyan_2012,53.0,9,regress,cluster,0
DufloHannaRyan_2012,54.0,9,regress,cluster,0
DufloHannaRyan_2012,55.0,9,regress,cluster,0
DufloHannaRyan_2012,56.0,9,regress,cluster,0
DufloHannaRyan_2012,57.0,9,regress,cluster,0
DufloHannaRyan_2012,58.0,9,regress,cluster,0
DufloHannaRyan_2012,59.0,9,regress,cluster,0
DufloHannaRyan_2012,60.0,9,regress,cluster,0
DufloHannaRyan_2012,61.0,9,regress,cluster,0
DufloHannaRyan_2012,62.0,9,regress,cluster,0
DufloHannaRyan_2012,63.0,9,regress,cluster,0
DufloHannaRyan_2012,64.0,9,regress,cluster,0
DufloHannaRyan_2012,65.0,9,regress,cluster,0
DufloHannaRyan_2012,66.0,9,regress,cluster,0
DufloHannaRyan_2012,67.0,9,regress,cluster,0
DufloHannaRyan_2012,68.0,9,regress,cluster,0
DufloHannaRyan_2012,69.0,9,regress,cluster,0
DufloHannaRyan_2012,70.0,9,regress,cluster,0
DufloHannaRyan_2012,71.0,9,regress,cluster,0
DufloHannaRyan_2012,72.0,9,regress,cluster,0
DufloHannaRyan_2012,73.0,9,regress,cluster,0
DufloHannaRyan_2012,74.0,9,regress,cluster,0
DufloHannaRyan_2012,75.0,9,regress,cluster,0
DufloHannaRyan_2012,76.0,9,regress,cluster,0
DufloHannaRyan_2012,77.0,9,regress,cluster,0
DufloHannaRyan_2012,78.0,9,regress,cluster,0
DufloHannaRyan_2012,79.0,9,regress,cluster,0
DufloHannaRyan_2012,80.0,9,regress,cluster,0
DufloHannaRyan_2012,81.0,9,regress,cluster,0
DufloHannaRyan_2012,82.0,9,regress,cluster,0
DufloHannaRyan_2012,83.0,9,regress,cluster,0
DufloHannaRyan_2012,84.0,9,regress,cluster,0
DufloHannaRyan_2012,85.0,9,regress,cluster,0
DufloHannaRyan_2012,86.0,9,regress,cluster,0
DufloHannaRyan_2012,87.0,9,regress,cluster,0
DufloHannaRyan_2012,88.0,9,regress,cluster,0
DufloHannaRyan_2012,89.0,9,regress,cluster,0
DufloHannaRyan_2012,90.0,9,regress,cluster,0
DufloHannaRyan_2012,91.0,9,regress,cluster,0
DupasRobinson_2013a,1.0,2,reg,robust,0
DupasRobinson_2013a,2.0,2,reg,robust,1
DupasRobinson_2013a,3.0,2,reg,robust,0
DupasRobinson_2013a,4.0,2,reg,robust,1
DupasRobinson_2013a,5.0,2,reg,robust,0
DupasRobinson_2013a,6.0,2,reg,robust,1
DupasRobinson_2013a,7.0,3,reg,robust,0
DupasRobinson_2013a,8.0,3,reg,robust,1
DupasRobinson_2013a,9.0,3,reg,robust,0
DupasRobinson_2013a,10.0,3,reg,robust,1
DupasRobinson_2013a,11.0,3,reg,robust,0
DupasRobinson_2013a,12.0,3,reg,robust,1
DupasRobinson_2013a,13.0,3,reg,robust,0
DupasRobinson_2013a,14.0,3,reg,robust,1
DupasRobinson_2013a,15.0,4,reg,robust,0
DupasRobinson_2013a,16.0,4,reg,robust,1
DupasRobinson_2013a,17.0,4,reg,robust,0
DupasRobinson_2013a,18.0,4,reg,robust,1
DupasRobinson_2013a,19.0,4,reg,robust,0
DupasRobinson_2013a,20.0,4,reg,robust,1
DupasRobinson_2013a,21.0,4,reg,robust,1
DupasRobinson_2013a,22.0,4,reg,robust,1
DupasRobinson_2013a,23.0,103,reg,robust,0
DupasRobinson_2013a,24.0,103,reg,robust,1
DupasRobinson_2013a,25.0,103,reg,robust,1
DupasRobinson_2013a,26.0,103,reg,robust,0
DupasRobinson_2013a,27.0,103,reg,robust,1
DupasRobinson_2013a,28.0,103,reg,robust,1
DupasRobinson_2013a,29.0,103,reg,robust,1
DupasRobinson_2013a,30.0,104,reg,robust,0
DupasRobinson_2013a,31.0,104,reg,robust,1
DupasRobinson_2013a,32.0,104,reg,robust,1
DupasRobinson_2013a,33.0,104,reg,robust,0
DupasRobinson_2013a,34.0,104,reg,robust,1
DupasRobinson_2013a,35.0,104,reg,robust,1
DupasRobinson_2013a,36.0,104,reg,robust,1
ErikssonRooth_2014,1.0,6,probit,cluster,0
ErikssonRooth_2014,2.0,6,probit,cluster,0
ErikssonRooth_2014,3.0,6,probit,cluster,0
ErikssonRooth_2014,4.0,7,probit,cluster,0
ErikssonRooth_2014,5.0,7,probit,cluster,0
ErikssonRooth_2014,6.0,7,probit,cluster,0
ErikssonRooth_2014,7.0,7,probit,cluster,0
ErikssonRooth_2014,8.0,7,probit,cluster,0
ErikssonRooth_2014,9.0,7,probit,cluster,0
ErikssonRooth_2014,10.0,7,probit,cluster,0
ErikssonRooth_2014,11.0,7,probit,cluster,0
ErikssonRooth_2014,12.0,7,probit,cluster,0
ErikssonRooth_2014,13.0,7,probit,cluster,0
ErikssonRooth_2014,14.0,7,probit,cluster,0
ErikssonRooth_2014,15.0,7,probit,cluster,0
ErikssonRooth_2014,16.0,8,probit,cluster,0
ErikssonRooth_2014,17.0,8,probit,robust,0
ErikssonRooth_2014,18.0,8,probit,cluster,0
ErikssonRooth_2014,19.0,8,probit,robust,0
ErikssonRooth_2014,20.0,9,probit,cluster,0
ErikssonRooth_2014,21.0,9,probit,cluster,0
ErikssonRooth_2014,22.0,9,probit,cluster,0
FehrGoette_2007,1.0,3,areg,cluster,0
FehrGoette_2007,2.0,3,areg,cluster,0
FehrGoette_2007,3.0,3,areg,cluster,0
FehrGoette_2007,4.0,3,areg,cluster,0
FehrGoette_2007,5.0,3,areg,cluster,0
FehrGoette_2007,6.0,3,areg,cluster,0
FehrGoette_2007,7.0,5,areg,cluster,0
FehrGoette_2007,8.0,5,areg,cluster,0
FehrGoette_2007,9.0,6,areg,cluster,1
FehrGoette_2007,10.0,6,areg,cluster,1
FieldJayachandranPande_2010,1.0,2,ivreg,cluster,1
FieldJayachandranPande_2010,2.0,2,ivreg,cluster,1
FieldJayachandranPande_2010,3.0,3,ivreg,cluster,1
FieldJayachandranPande_2010,4.0,3,ivreg,cluster,1
FieldPandePappRigol_2013,1.0,1,regress,cluster,0
FieldPandePappRigol_2013,2.0,1,regress,cluster,0
FieldPandePappRigol_2013,3.0,1,regress,cluster,0
FieldPandePappRigol_2013,4.0,1,regress,cluster,0
FieldPandePappRigol_2013,5.0,1,regress,cluster,0
FieldPandePappRigol_2013,6.0,1,regress,cluster,0
FieldPandePappRigol_2013,7.0,1,regress,cluster,0
FieldPandePappRigol_2013,8.0,1,regress,cluster,0
FieldPandePappRigol_2013,9.0,1,regress,cluster,0
FieldPandePappRigol_2013,10.0,1,regress,cluster,0
FieldPandePappRigol_2013,11.0,1,regress,cluster,0
FieldPandePappRigol_2013,12.0,1,regress,cluster,0
FieldPandePappRigol_2013,13.0,1,regress,cluster,0
FieldPandePappRigol_2013,14.0,1,regress,cluster,0
FieldPandePappRigol_2013,15.0,1,regress,cluster,0
FieldPandePappRigol_2013,16.0,1,regress,cluster,0
FieldPandePappRigol_2013,17.0,1,regress,cluster,0
FieldPandePappRigol_2013,18.0,1,regress,cluster,0
FieldPandePappRigol_2013,19.0,1,regress,cluster,0
FieldPandePappRigol_2013,20.0,1,regress,cluster,0
FieldPandePappRigol_2013,21.0,1,regress,cluster,0
FieldPandePappRigol_2013,22.0,1,regress,cluster,0
FieldPandePappRigol_2013,23.0,1,regress,cluster,0
FieldPandePappRigol_2013,24.0,1,regress,cluster,0
FieldPandePappRigol_2013,25.0,2,regress,cluster,0
FieldPandePappRigol_2013,26.0,2,regress,cluster,0
FieldPandePappRigol_2013,27.0,2,regress,cluster,0
FieldPandePappRigol_2013,28.0,2,regress,cluster,0
FieldPandePappRigol_2013,29.0,2,regress,cluster,0
FieldPandePappRigol_2013,30.0,2,regress,cluster,0
FieldPandePappRigol_2013,31.0,2,regress,cluster,0
FieldPandePappRigol_2013,32.0,2,regress,cluster,0
FieldPandePappRigol_2013,33.0,2,regress,cluster,0
FieldPandePappRigol_2013,34.0,2,regress,cluster,0
FieldPandePappRigol_2013,35.0,2,regress,cluster,0
FieldPandePappRigol_2013,36.0,2,regress,cluster,0
FieldPandePappRigol_2013,37.0,2,regress,cluster,0
FieldPandePappRigol_2013,38.0,2,regress,cluster,0
FieldPandePappRigol_2013,39.0,2,regress,cluster,0
FieldPandePappRigol_2013,40.0,2,regress,cluster,0
FieldPandePappRigol_2013,41.0,2,regress,cluster,0
FieldPandePappRigol_2013,42.0,2,regress,cluster,0
FieldPandePappRigol_2013,43.0,2,regress,cluster,0
FieldPandePappRigol_2013,44.0,2,regress,cluster,0
FieldPandePappRigol_2013,45.0,2,regress,cluster,0
FieldPandePappRigol_2013,46.0,2,regress,cluster,0
FieldPandePappRigol_2013,47.0,2,regress,cluster,0
FieldPandePappRigol_2013,48.0,2,regress,cluster,0
FieldPandePappRigol_2013,49.0,3,regress,cluster,0
FieldPandePappRigol_2013,50.0,3,regress,cluster,0
FieldPandePappRigol_2013,51.0,3,regress,cluster,0
FieldPandePappRigol_2013,52.0,3,regress,cluster,0
FieldPandePappRigol_2013,53.0,3,regress,cluster,0
FieldPandePappRigol_2013,54.0,3,regress,cluster,0
FieldPandePappRigol_2013,55.0,3,regress,cluster,0
FieldPandePappRigol_2013,56.0,3,regress,cluster,0
FieldPandePappRigol_2013,57.0,3,regress,cluster,0
FieldPandePappRigol_2013,58.0,3,regress,cluster,0
FieldPandePappRigol_2013,59.0,3,regress,cluster,0
FieldPandePappRigol_2013,60.0,3,regress,cluster,0
FieldPandePappRigol_2013,61.0,3,regress,cluster,0
FieldPandePappRigol_2013,62.0,3,regress,cluster,0
FieldPandePappRigol_2013,63.0,4,regress,cluster,0
FieldPandePappRigol_2013,64.0,4,regress,cluster,0
FieldPandePappRigol_2013,65.0,4,regress,cluster,0
FieldPandePappRigol_2013,66.0,4,regress,cluster,0
FieldPandePappRigol_2013,67.0,4,regress,cluster,0
FieldPandePappRigol_2013,68.0,4,regress,cluster,0
FieldPandePappRigol_2013,69.0,4,regress,cluster,0
FieldPandePappRigol_2013,70.0,4,regress,cluster,0
FieldPandePappRigol_2013,71.0,4,regress,cluster,0
FieldPandePappRigol_2013,72.0,4,regress,cluster,0
FieldPandePappRigol_2013,73.0,4,regress,cluster,0
FieldPandePappRigol_2013,74.0,4,regress,cluster,0
FieldPandePappRigol_2013,75.0,5,regress,cluster,1
FieldPandePappRigol_2013,76.0,5,regress,cluster,1
FieldPandePappRigol_2013,77.0,5,regress,cluster,1
FieldPandePappRigol_2013,78.0,5,regress,cluster,1
FieldPandePappRigol_2013,79.0,5,regress,cluster,1
FieldPandePappRigol_2013,80.0,5,regress,cluster,1
FieldPandePappRigol_2013,81.0,5,regress,cluster,1
FieldPandePappRigol_2013,82.0,5,regress,cluster,1
FieldPandePappRigol_2013,83.0,5,regress,cluster,1
FieldPandePappRigol_2013,84.0,5,regress,cluster,1
FieldPandePappRigol_2013,85.0,5,regress,cluster,1
FieldPandePappRigol_2013,86.0,5,regress,cluster,1
FieldPandePappRigol_2013,87.0,5,regress,cluster,1
FieldPandePappRigol_2013,88.0,5,regress,cluster,1
FieldPandePappRigol_2013,89.0,5,regress,cluster,1
FieldPandePappRigol_2013,90.0,5,regress,cluster,1
FieldPandePappRigol_2013,91.0,5,regress,cluster,1
FieldPandePappRigol_2013,92.0,5,regress,cluster,1
FieldPandePappRigol_2013,93.0,5,regress,cluster,1
FieldPandePappRigol_2013,94.0,5,regress,cluster,1
FieldPandePappRigol_2013,95.0,5,regress,cluster,1
FieldPandePappRigol_2013,96.0,5,regress,cluster,1
FieldPandePappRigol_2013,97.0,5,regress,cluster,1
FieldPandePappRigol_2013,98.0,5,regress,cluster,1
FieldPandePappRigol_2013,99.0,5,regress,cluster,1
FieldPandePappRigol_2013,100.0,5,regress,cluster,1
FieldPandePappRigol_2013,101.0,5,regress,cluster,1
FieldPandePappRigol_2013,102.0,5,regress,cluster,1
GalianiRossiSchargrodsky_2011,1.0,4,areg,robust,0
GalianiRossiSchargrodsky_2011,2.0,4,areg,robust,0
GalianiRossiSchargrodsky_2011,3.0,4,areg,robust,0
GalianiRossiSchargrodsky_2011,4.0,4,areg,robust,0
GalianiRossiSchargrodsky_2011,5.0,4,areg,robust,0
GalianiRossiSchargrodsky_2011,6.0,5,areg,robust,1
GalianiRossiSchargrodsky_2011,7.0,5,areg,robust,1
GalianiRossiSchargrodsky_2011,8.0,5,areg,robust,0
GalianiRossiSchargrodsky_2011,9.0,5,areg,robust,0
GalianiRossiSchargrodsky_2011,10.0,6,ivreg,robust,0
GalianiRossiSchargrodsky_2011,11.0,6,ivreg,robust,0
GalianiRossiSchargrodsky_2011,12.0,6,ivreg,robust,0
GalianiRossiSchargrodsky_2011,13.0,6,ivreg,robust,0
GalianiRossiSchargrodsky_2011,14.0,6,ivreg,robust,0
GalianiRossiSchargrodsky_2011,15.0,6,ivreg,robust,0
GalianiRossiSchargrodsky_2011,16.0,6,ivreg,robust,0
GalianiRossiSchargrodsky_2011,17.0,7,areg,robust,0
GalianiRossiSchargrodsky_2011,18.0,7,areg,robust,0
GalianiRossiSchargrodsky_2011,19.0,7,areg,robust,0
GalianiRossiSchargrodsky_2011,20.0,7,areg,robust,0
GalianiRossiSchargrodsky_2011,21.0,7,areg,robust,0
GalianiRossiSchargrodsky_2011,22.0,7,areg,robust,0
GerberKarlanBergan_2009,1.0,2,areg,default,0
GerberKarlanBergan_2009,2.0,2,areg,default,0
GerberKarlanBergan_2009,3.0,2,areg,default,0
GerberKarlanBergan_2009,4.0,2,areg,default,0
GerberKarlanBergan_2009,5.0,2,areg,default,0
GerberKarlanBergan_2009,6.0,2,areg,default,0
GerberKarlanBergan_2009,7.0,2,areg,default,0
GerberKarlanBergan_2009,8.0,2,areg,default,0
GerberKarlanBergan_2009,9.0,2,areg,default,0
GerberKarlanBergan_2009,10.0,2,areg,default,0
GerberKarlanBergan_2009,11.0,3,areg,default,0
GerberKarlanBergan_2009,12.0,3,areg,default,0
GerberKarlanBergan_2009,13.0,3,areg,default,0
GerberKarlanBergan_2009,14.0,3,areg,default,0
GerberKarlanBergan_2009,15.0,3,areg,default,0
GerberKarlanBergan_2009,16.0,3,areg,default,0
GerberKarlanBergan_2009,17.0,4,areg,default,0
GerberKarlanBergan_2009,18.0,4,areg,default,0
GerberKarlanBergan_2009,19.0,4,areg,default,0
GerberKarlanBergan_2009,20.0,4,areg,default,0
GerberKarlanBergan_2009,21.0,4,areg,default,0
GerberKarlanBergan_2009,22.0,4,areg,default,0
GerberKarlanBergan_2009,23.0,4,areg,default,0
GerberKarlanBergan_2009,24.0,4,areg,default,0
GerberKarlanBergan_2009,25.0,4,areg,default,0
GerberKarlanBergan_2009,26.0,4,areg,default,0
GerberKarlanBergan_2009,27.0,102,areg,default,0
GerberKarlanBergan_2009,28.0,102,areg,default,0
GerberKarlanBergan_2009,29.0,102,areg,default,0
GerberKarlanBergan_2009,30.0,102,areg,default,0
GerberKarlanBergan_2009,31.0,102,areg,default,0
GerberKarlanBergan_2009,32.0,102,areg,default,0
GerberKarlanBergan_2009,33.0,102,areg,default,0
GerberKarlanBergan_2009,34.0,102,areg,default,0
GerberKarlanBergan_2009,35.0,102,areg,default,0
GerberKarlanBergan_2009,36.0,102,areg,default,0
GerberKarlanBergan_2009,37.0,102,areg,default,0
GerberKarlanBergan_2009,38.0,102,areg,default,0
GerberKarlanBergan_2009,39.0,102,areg,default,0
GerberKarlanBergan_2009,40.0,102,areg,default,0
GerberKarlanBergan_2009,41.0,102,areg,default,0
GerberKarlanBergan_2009,42.0,102,areg,default,0
GerberKarlanBergan_2009,43.0,102,areg,default,0
GerberKarlanBergan_2009,44.0,102,areg,default,0
GerberKarlanBergan_2009,45.0,102,areg,default,0
GerberKarlanBergan_2009,46.0,102,areg,default,0
GerberKarlanBergan_2009,47.0,102,areg,default,0
GerberKarlanBergan_2009,48.0,102,areg,default,0
GerberKarlanBergan_2009,49.0,102,areg,default,0
GerberKarlanBergan_2009,50.0,102,areg,default,0
GertlerMartinezRubio-Codina_2012,1.0,2,reg,cluster,0
GertlerMartinezRubio-Codina_2012,2.0,2,reg,cluster,0
GertlerMartinezRubio-Codina_2012,3.0,2,reg,cluster,0
GertlerMartinezRubio-Codina_2012,4.0,2,reg,cluster,0
GertlerMartinezRubio-Codina_2012,5.0,2,reg,cluster,0
GertlerMartinezRubio-Codina_2012,6.0,2,reg,cluster,0
GertlerMartinezRubio-Codina_2012,7.0,2,reg,cluster,0
GertlerMartinezRubio-Codina_2012,8.0,2,reg,cluster,0
GertlerMartinezRubio-Codina_2012,9.0,2,reg,cluster,0
GertlerMartinezRubio-Codina_2012,10.0,2,reg,cluster,0
GertlerMartinezRubio-Codina_2012,11.0,2,reg,cluster,0
GertlerMartinezRubio-Codina_2012,12.0,2,reg,cluster,0
GertlerMartinezRubio-Codina_2012,13.0,3,reg,cluster,0
GertlerMartinezRubio-Codina_2012,14.0,3,reg,cluster,0
GertlerMartinezRubio-Codina_2012,15.0,3,reg,cluster,0
GertlerMartinezRubio-Codina_2012,16.0,3,reg,cluster,0
GertlerMartinezRubio-Codina_2012,17.0,3,reg,cluster,0
GertlerMartinezRubio-Codina_2012,18.0,3,reg,cluster,0
GertlerMartinezRubio-Codina_2012,19.0,3,reg,cluster,0
GertlerMartinezRubio-Codina_2012,20.0,2,reg,cluster,0
GertlerMartinezRubio-Codina_2012,21.0,2,reg,cluster,1
GertlerMartinezRubio-Codina_2012,22.0,2,reg,cluster,0
GertlerMartinezRubio-Codina_2012,23.0,2,reg,cluster,1
GertlerMartinezRubio-Codina_2012,24.0,2,reg,cluster,0
GertlerMartinezRubio-Codina_2012,25.0,2,reg,cluster,1
GertlerMartinezRubio-Codina_2012,26.0,2,reg,cluster,0
GertlerMartinezRubio-Codina_2012,27.0,2,reg,cluster,1
GertlerMartinezRubio-Codina_2012,28.0,2,reg,cluster,0
GertlerMartinezRubio-Codina_2012,29.0,2,reg,cluster,1
GertlerMartinezRubio-Codina_2012,30.0,2,reg,cluster,0
GertlerMartinezRubio-Codina_2012,31.0,2,reg,cluster,1
GertlerMartinezRubio-Codina_2012,32.0,2,reg,cluster,0
GertlerMartinezRubio-Codina_2012,33.0,2,reg,cluster,1
GertlerMartinezRubio-Codina_2012,34.0,2,reg,cluster,0
GertlerMartinezRubio-Codina_2012,35.0,2,reg,cluster,1
GertlerMartinezRubio-Codina_2012,36.0,2,reg,cluster,0
GertlerMartinezRubio-Codina_2012,37.0,2,reg,cluster,1
GertlerMartinezRubio-Codina_2012,38.0,2,reg,cluster,0
GertlerMartinezRubio-Codina_2012,39.0,2,reg,cluster,1
GertlerMartinezRubio-Codina_2012,40.0,2,reg,cluster,0
GertlerMartinezRubio-Codina_2012,41.0,2,reg,cluster,1
GertlerMartinezRubio-Codina_2012,42.0,2,reg,cluster,0
GertlerMartinezRubio-Codina_2012,43.0,2,reg,cluster,1
GertlerMartinezRubio-Codina_2012,44.0,4,reg,cluster,0
GertlerMartinezRubio-Codina_2012,45.0,4,reg,cluster,0
GertlerMartinezRubio-Codina_2012,46.0,4,reg,cluster,0
GertlerMartinezRubio-Codina_2012,47.0,4,reg,cluster,0
GertlerMartinezRubio-Codina_2012,48.0,4,reg,cluster,0
GertlerMartinezRubio-Codina_2012,49.0,4,reg,cluster,0
GertlerMartinezRubio-Codina_2012,50.0,6,reg,cluster,0
GertlerMartinezRubio-Codina_2012,51.0,6,reg,cluster,0
GertlerMartinezRubio-Codina_2012,52.0,6,reg,cluster,0
GertlerMartinezRubio-Codina_2012,53.0,6,reg,cluster,0
GertlerMartinezRubio-Codina_2012,54.0,6,reg,cluster,0
GertlerMartinezRubio-Codina_2012,55.0,5,reg,cluster,0
GertlerMartinezRubio-Codina_2012,56.0,5,reg,cluster,0
GertlerMartinezRubio-Codina_2012,57.0,5,reg,cluster,0
GertlerMartinezRubio-Codina_2012,58.0,5,reg,cluster,0
GertlerMartinezRubio-Codina_2012,59.0,5,reg,cluster,0
GertlerMartinezRubio-Codina_2012,60.0,5,reg,cluster,0
GertlerMartinezRubio-Codina_2012,61.0,5,reg,cluster,0
GertlerMartinezRubio-Codina_2012,62.0,7,reg,cluster,0
GertlerMartinezRubio-Codina_2012,63.0,7,reg,cluster,0
GertlerMartinezRubio-Codina_2012,64.0,7,reg,cluster,0
GertlerMartinezRubio-Codina_2012,65.0,7,reg,cluster,0
GertlerMartinezRubio-Codina_2012,66.0,7,reg,cluster,0
GertlerMartinezRubio-Codina_2012,67.0,7,reg,cluster,0
GertlerMartinezRubio-Codina_2012,68.0,7,reg,cluster,0
GineJakielaKarlanMorduch_2010,1.0,5,reg,cluster,0
GineJakielaKarlanMorduch_2010,2.0,5,areg,cluster,0
GineJakielaKarlanMorduch_2010,3.0,5,reg,cluster,0
GineJakielaKarlanMorduch_2010,4.0,5,areg,cluster,0
GineJakielaKarlanMorduch_2010,5.0,5,reg,cluster,0
GineJakielaKarlanMorduch_2010,6.0,5,areg,cluster,0
GineJakielaKarlanMorduch_2010,7.0,6,reg,cluster,0
GineJakielaKarlanMorduch_2010,8.0,6,areg,cluster,0
GineJakielaKarlanMorduch_2010,9.0,6,reg,cluster,0
GineJakielaKarlanMorduch_2010,10.0,6,areg,cluster,0
GineJakielaKarlanMorduch_2010,11.0,6,reg,cluster,0
GineJakielaKarlanMorduch_2010,12.0,6,areg,cluster,0
GineJakielaKarlanMorduch_2010,13.0,7,areg,cluster,0
GineJakielaKarlanMorduch_2010,14.0,7,areg,cluster,0
GineJakielaKarlanMorduch_2010,15.0,7,areg,cluster,0
GineJakielaKarlanMorduch_2010,16.0,7,areg,cluster,0
GineJakielaKarlanMorduch_2010,17.0,7,areg,cluster,0
GineJakielaKarlanMorduch_2010,18.0,7,areg,cluster,0
GineJakielaKarlanMorduch_2010,19.0,7,areg,cluster,0
GineJakielaKarlanMorduch_2010,20.0,8,areg,cluster,0
GineJakielaKarlanMorduch_2010,21.0,8,areg,cluster,0
GineJakielaKarlanMorduch_2010,22.0,8,areg,cluster,0
GineJakielaKarlanMorduch_2010,23.0,8,areg,cluster,0
GineJakielaKarlanMorduch_2010,24.0,8,areg,cluster,0
GineJakielaKarlanMorduch_2010,25.0,9,mlogit,cluster,0
GineJakielaKarlanMorduch_2010,26.0,9,mlogit,cluster,0
GineJakielaKarlanMorduch_2010,27.0,9,mlogit,cluster,0
GineJakielaKarlanMorduch_2010,28.0,9,mlogit,cluster,0
GineJakielaKarlanMorduch_2010,29.0,9,mlogit,cluster,0
GineJakielaKarlanMorduch_2010,30.0,9,mlogit,cluster,0
GineJakielaKarlanMorduch_2010,31.0,9,mlogit,cluster,0
GineJakielaKarlanMorduch_2010,32.0,9,mlogit,cluster,0
GuryanKroftNotowidigdo_2009,1.0,4,areg,cluster,0
GuryanKroftNotowidigdo_2009,2.0,4,areg,cluster,0
GuryanKroftNotowidigdo_2009,3.0,5,areg,cluster,0
GuryanKroftNotowidigdo_2009,4.0,5,areg,cluster,0
GuryanKroftNotowidigdo_2009,5.0,5,areg,cluster,0
GuryanKroftNotowidigdo_2009,6.0,5,areg,cluster,0
GuryanKroftNotowidigdo_2009,7.0,6,areg,cluster,0
GuryanKroftNotowidigdo_2009,8.0,6,areg,cluster,0
GuryanKroftNotowidigdo_2009,9.0,6,areg,cluster,0
GuryanKroftNotowidigdo_2009,10.0,6,areg,cluster,0
GuryanKroftNotowidigdo_2009,11.0,6,areg,cluster,0
GuryanKroftNotowidigdo_2009,12.0,6,areg,cluster,0
GuryanKroftNotowidigdo_2009,13.0,6,areg,cluster,0
GuryanKroftNotowidigdo_2009,14.0,6,areg,cluster,1
GuryanKroftNotowidigdo_2009,15.0,7,areg,cluster,0
GuryanKroftNotowidigdo_2009,16.0,7,areg,cluster,0
GuryanKroftNotowidigdo_2009,17.0,7,areg,cluster,0
GuryanKroftNotowidigdo_2009,18.0,7,areg,cluster,0
GuryanKroftNotowidigdo_2009,19.0,7,areg,cluster,0
GuryanKroftNotowidigdo_2009,20.0,8,areg,cluster,1
GuryanKroftNotowidigdo_2009,21.0,8,areg,cluster,1
GuryanKroftNotowidigdo_2009,22.0,8,areg,cluster,1
GuryanKroftNotowidigdo_2009,23.0,4,meadjusted,default,0
HeffetzShayo_2009,1.0,1,ttest,default,0
HeffetzShayo_2009,2.0,1,ttest,default,0
HeffetzShayo_2009,3.0,1,ttest,default,0
HeffetzShayo_2009,4.0,1,ttest,default,0
HeffetzShayo_2009,5.0,1,ttest,default,0
HeffetzShayo_2009,6.0,1,ttest,default,0
HeffetzShayo_2009,7.0,1,ttest,default,0
HeffetzShayo_2009,8.0,1,ttest,default,0
HeffetzShayo_2009,9.0,1,ttest,default,0
HeffetzShayo_2009,10.0,1,ttest,default,0
HeffetzShayo_2009,11.0,2,reg,default,0
HeffetzShayo_2009,12.0,2,reg,default,0
HeffetzShayo_2009,13.0,2,reg,default,0
HeffetzShayo_2009,14.0,2,reg,default,0
HeffetzShayo_2009,15.0,2,ologit,default,0
HeffetzShayo_2009,16.0,2,ologit,default,0
HeffetzShayo_2009,17.0,3,reg,cluster,0
HeffetzShayo_2009,18.0,3,reg,cluster,0
HeffetzShayo_2009,19.0,3,reg,cluster,0
HeffetzShayo_2009,20.0,3,reg,cluster,0
IfcherZarghamee_2011,1.0,2,regress,default,0
IfcherZarghamee_2011,2.0,2,regress,default,0
IfcherZarghamee_2011,3.0,2,regress,default,0
IfcherZarghamee_2011,4.0,2,regress,default,0
IfcherZarghamee_2011,5.0,2,regress,default,0
IfcherZarghamee_2011,6.0,2,regress,default,0
IfcherZarghamee_2011,7.0,2,regress,default,0
IfcherZarghamee_2011,8.0,2,regress,default,0
IfcherZarghamee_2011,9.0,2,regress,default,0
IfcherZarghamee_2011,10.0,2,regress,default,0
IfcherZarghamee_2011,11.0,2,regress,default,0
IfcherZarghamee_2011,12.0,2,regress,default,0
IfcherZarghamee_2011,13.0,2,regress,default,0
IfcherZarghamee_2011,14.0,2,regress,default,0
IfcherZarghamee_2011,15.0,2,regress,default,0
IfcherZarghamee_2011,16.0,2,regress,default,0
IfcherZarghamee_2011,17.0,2,regress,default,0
IfcherZarghamee_2011,18.0,2,regress,default,0
IfcherZarghamee_2011,19.0,2,regress,default,0
IfcherZarghamee_2011,20.0,2,regress,default,0
IfcherZarghamee_2011,21.0,2,regress,default,0
IfcherZarghamee_2011,22.0,2,regress,default,0
IfcherZarghamee_2011,23.0,2,regress,default,0
IfcherZarghamee_2011,24.0,2,regress,default,0
IfcherZarghamee_2011,25.0,2,regress,default,0
IfcherZarghamee_2011,26.0,2,regress,default,0
IfcherZarghamee_2011,27.0,2,regress,default,0
IfcherZarghamee_2011,28.0,2,regress,default,0
IfcherZarghamee_2011,29.0,2,regress,default,0
IfcherZarghamee_2011,30.0,2,regress,default,0
IfcherZarghamee_2011,31.0,3,regress,cluster,0
IfcherZarghamee_2011,32.0,3,regress,cluster,0
IfcherZarghamee_2011,33.0,3,regress,cluster,0
IfcherZarghamee_2011,34.0,3,regress,cluster,0
IfcherZarghamee_2011,35.0,3,regress,cluster,0
IfcherZarghamee_2011,36.0,3,regress,cluster,0
IfcherZarghamee_2011,37.0,3,regress,cluster,0
IfcherZarghamee_2011,38.0,3,regress,cluster,0
KosfeldNeckermann_2011,1.0,2,reg,cluster,0
KosfeldNeckermann_2011,2.0,2,reg,cluster,0
KosfeldNeckermann_2011,3.0,2,reg,cluster,0
KosfeldNeckermann_2011,4.0,2,reg,cluster,0
KubeMarechalPuppe_2012,1.0,2,reg,cluster,0
KubeMarechalPuppe_2012,2.0,2,reg,cluster,1
KubeMarechalPuppe_2012,3.0,2,reg,cluster,0
KubeMarechalPuppe_2012,4.0,2,reg,cluster,1
LandryLangeListPriceRupp_2010,1.0,3,areg,default,0
LandryLangeListPriceRupp_2010,2.0,3,areg,default,1
LandryLangeListPriceRupp_2010,3.0,3,areg,default,0
LandryLangeListPriceRupp_2010,4.0,4,areg,default,0
LandryLangeListPriceRupp_2010,5.0,4,areg,default,1
LandryLangeListPriceRupp_2010,6.0,4,areg,default,0
LarkinLeider_2012,1.0,1,xtreg,cluster,0
LarkinLeider_2012,2.0,1,xtreg,cluster,0
LarkinLeider_2012,3.0,1,xtreg,cluster,0
LarkinLeider_2012,4.0,1,xtreg,cluster,0
LarkinLeider_2012,5.0,1,xtreg,cluster,0
LarkinLeider_2012,6.0,2,xtreg,cluster,0
LarkinLeider_2012,7.0,2,xtreg,cluster,0
LarkinLeider_2012,8.0,3,xtreg,cluster,1
LarkinLeider_2012,9.0,3,xtreg,cluster,1
LarkinLeider_2012,10.0,3,xtreg,cluster,1
LarkinLeider_2012,11.0,3,xtreg,cluster,1
LarkinLeider_2012,12.0,3,xtreg,cluster,1
LarkinLeider_2012,13.0,4,xtreg,cluster,1
LarkinLeider_2012,14.0,4,xtreg,cluster,1
LarkinLeider_2012,15.0,4,xtreg,cluster,1
LarkinLeider_2012,16.0,4,xtreg,cluster,1
LarkinLeider_2012,17.0,4,xtreg,cluster,1
LarkinLeider_2012,18.0,5,xtreg,cluster,1
LarkinLeider_2012,19.0,5,xtreg,cluster,1
LarkinLeider_2012,20.0,5,xtreg,cluster,1
LarkinLeider_2012,21.0,5,xtreg,cluster,1
LarkinLeider_2012,22.0,5,xtreg,cluster,1
LarkinLeider_2012,23.0,6,xtreg,cluster,1
LazearMalmendierWeber_2012,1.0,1,reg,hc3,0
LazearMalmendierWeber_2012,2.0,1,reg,hc3,1
LazearMalmendierWeber_2012,3.0,1,tobit,jackknife,0
LazearMalmendierWeber_2012,4.0,1,tobit,jackknife,1
LazearMalmendierWeber_2012,5.0,1,probit,robust,0
LazearMalmendierWeber_2012,6.0,1,probit,robust,1
LazearMalmendierWeber_2012,7.0,2,reg,hc3,0
OsterThornton_2011,1.0,2,areg,cluster,0
OsterThornton_2011,2.0,2,areg,cluster,1
OsterThornton_2011,3.0,2,areg,cluster,0
OsterThornton_2011,4.0,2,areg,cluster,1
Robinson_2012,1.0,3,areg,cluster,0
Robinson_2012,2.0,3,areg,cluster,0
Robinson_2012,3.0,3,areg,cluster,0
Robinson_2012,4.0,3,areg,cluster,0
Robinson_2012,5.0,3,areg,cluster,0
Robinson_2012,6.0,3,areg,cluster,0
Robinson_2012,7.0,3,areg,cluster,0
Robinson_2012,8.0,3,areg,cluster,0
Robinson_2012,9.0,3,areg,cluster,0
Robinson_2012,10.0,3,areg,cluster,0
Robinson_2012,11.0,3,areg,cluster,0
Robinson_2012,12.0,3,areg,cluster,0
Robinson_2012,13.0,3,areg,cluster,0
Robinson_2012,14.0,3,areg,cluster,0
Robinson_2012,15.0,4,areg,cluster,0
Robinson_2012,16.0,4,areg,cluster,0
Robinson_2012,17.0,4,areg,cluster,0
Robinson_2012,18.0,4,areg,cluster,0
Robinson_2012,19.0,4,areg,cluster,0
Robinson_2012,20.0,4,areg,cluster,0
Robinson_2012,21.0,4,areg,cluster,0
Robinson_2012,22.0,4,areg,cluster,0
Robinson_2012,23.0,4,areg,cluster,0
Robinson_2012,24.0,4,areg,cluster,0
Robinson_2012,25.0,4,areg,cluster,0
Robinson_2012,26.0,4,areg,cluster,0
Sautmann_2013,1.0,5,xtreg,cluster,1
Sautmann_2013,2.0,5,xtreg,cluster,1
Sautmann_2013,3.0,5,xtreg,cluster,1
Sautmann_2013,4.0,5,xtreg,cluster,1
Sautmann_2013,5.0,6,xtreg,cluster,1
Sautmann_2013,6.0,6,xtreg,cluster,1
Sautmann_2013,7.0,6,xtreg,cluster,1
Sautmann_2013,8.0,6,xtreg,cluster,1
Sautmann_2013,9.0,7,xtreg,cluster,1
Sautmann_2013,10.0,7,xtreg,cluster,1
Sautmann_2013,11.0,7,xtreg,cluster,1
Sautmann_2013,12.0,7,xtreg,cluster,1
Sautmann_2013,13.0,7,xtreg,cluster,1
Sautmann_2013,14.0,7,xtreg,cluster,1
Sautmann_2013,15.0,104,xtprobit,default,1
Sautmann_2013,16.0,104,xtprobit,default,1
Sautmann_2013,17.0,104,xtprobit,default,1
Sautmann_2013,18.0,104,xtprobit,default,1
Sautmann_2013,19.0,105,xtreg,cluster,1
Sautmann_2013,20.0,105,xtreg,cluster,1
Sautmann_2013,21.0,105,xtreg,cluster,1
Sautmann_2013,22.0,105,xtreg,cluster,1
Sautmann_2013,23.0,105,xtreg,cluster,1
Sautmann_2013,24.0,105,xtreg,cluster,1
Thornton_2008,1.0,4,reg,cluster,0
Thornton_2008,2.0,4,reg,cluster,0
Thornton_2008,3.0,4,reg,cluster,0
Thornton_2008,4.0,4,reg,cluster,0
Thornton_2008,5.0,4,reg,cluster,0
Thornton_2008,6.0,4,probit,cluster,0
Thornton_2008,7.0,4,probit,cluster,0
Thornton_2008,8.0,4,probit,cluster,0
Thornton_2008,9.0,4,probit,cluster,0
Thornton_2008,10.0,4,probit,cluster,0
Thornton_2008,11.0,5,reg,cluster,0
Thornton_2008,12.0,5,reg,cluster,1
Thornton_2008,13.0,5,reg,cluster,1
Thornton_2008,14.0,5,reg,cluster,1
Thornton_2008,15.0,5,reg,cluster,0
Thornton_2008,16.0,5,reg,cluster,1
Thornton_2008,17.0,6,reg,cluster,1
Thornton_2008,18.0,6,reg,cluster,1
VosslerDoyonRondeau_2012,1.0,3,cameronHet,cluster,1
VosslerDoyonRondeau_2012,2.0,3,cameronHet,cluster,1
WisdomDownsLoewenstein_2010,1.0,1,regress,default,0
WisdomDownsLoewenstein_2010,2.0,1,regress,default,0
WisdomDownsLoewenstein_2010,3.0,1,regress,default,1
WisdomDownsLoewenstein_2010,4.0,2,regress,default,0
WisdomDownsLoewenstein_2010,5.0,2,regress,default,0
WisdomDownsLoewenstein_2010,6.0,2,regress,default,1
WisdomDownsLoewenstein_2010,7.0,3,regress,default,0
WisdomDownsLoewenstein_2010,8.0,3,regress,default,0
WisdomDownsLoewenstein_2010,9.0,3,regress,default,1
WisdomDownsLoewenstein_2010,10.0,4,regress,default,1
WisdomDownsLoewenstein_2010,11.0,4,regress,default,1
WisdomDownsLoewenstein_2010,12.0,4,regress,default,1
WisdomDownsLoewenstein_2010,13.0,4,regress,default,1
WisdomDownsLoewenstein_2010,14.0,4,regress,default,1
WisdomDownsLoewenstein_2010,15.0,5,regress,default,1
WisdomDownsLoewenstein_2010,16.0,5,regress,default,1
WisdomDownsLoewenstein_2010,17.0,5,regress,default,1
